image_id,class_label,image_path,ground_truth_mask_path,predicted_mask_path,include_in_evaluation,evaluation_subset,class_label_review_status,ground_truth_mask_review_status,review_type,annotation_method,foreground_value,background_value,image_width,image_height,ground_truth_width,ground_truth_height,predicted_width,predicted_height,dimensions_match,ground_truth_binary_exact,predicted_binary_exact,ground_truth_foreground_fraction,predicted_foreground_fraction,image_sha256,ground_truth_mask_sha256,predicted_mask_sha256,notes
dot_01,dots,segmentation_dataset/images/dots/dot_01.png,segmentation_dataset/ground_truth_masks/dots/dot_01_mask.png,segmentation_dataset/predicted_masks/dots/dot_01_mask.png,yes,external_validation,externally_verified,externally_verified,external,manual_fiji,0,255,860,868,860,868,860,868,yes,yes,yes,0.21622013,0.20974708,b98bb0387e4fe04de24e87cc56ac6b64b457afcfad0a77be308a549fa016f8dc,b64bc66ea729bbfc5820bcd020fcb7cc6156e06f388239855c177e756dc2cc64,974da7bee630d7d1c0272c529ce078baf5abccf67b4ca6f61b2414ba96880759,
dots_02,dots,segmentation_dataset/images/dots/dots_02.png,segmentation_dataset/ground_truth_masks/dots/dots_02_mask.png,segmentation_dataset/predicted_masks/dots/dots_02_mask.png,yes,external_validation,externally_verified,externally_verified,external,manual_fiji,0,255,920,958,920,958,920,958,yes,yes,yes,0.07501248,0.07806799,c6ce69504c9a3cf44d1fa7d023bbfbb7744bb5768718bd13dc963b63f8e139bb,a66f86403b9b0118690907e3615812ab0093616f06dd6ce0558d12a9d7bc6a42,648c7c65893f0788905e258307f1c438f2883cc90733a38a21d8dab2951a7cd2,
dots_03,dots,segmentation_dataset/images/dots/dots_03.png,segmentation_dataset/ground_truth_masks/dots/dots_03_mask.png,segmentation_dataset/predicted_masks/dots/dots_03_mask.png,yes,external_validation,externally_verified,externally_verified,external,manual_fiji,0,255,1020,858,1020,858,1020,858,yes,yes,yes,0.19792152,0.20351022,d63b348ee97b04459318f018e406d6748832d0d13293317abd394ee3c4817688,850722879122f30c71ac1fe36ffc6c5b3081bebf7a348f80b53bb7019c8d97ae,eb61433b42020cbccbd32f2ef68968843ad69698087edfb5bba92fc91913b7ba,
dots_04,dots,segmentation_dataset/images/dots/dots_04.png,segmentation_dataset/ground_truth_masks/dots/dots_04_mask.png,segmentation_dataset/predicted_masks/dots/dots_04_mask.png,yes,external_validation,externally_verified,externally_verified,external,manual_fiji,0,255,640,562,640,562,640,562,yes,yes,yes,0.31669262,0.30867438,600209129b6a7d1752869662e249c3180a774d19f11ba5159c83462be354ae3e,1bcad0fcbd0e2046054737a3f1a829ab296d231476064b0c22377e8fc36f6815,31b3626e8e69389a557b1e009af310d0df5b551972bedfdd867cfe346e2a274c,
dots_05,dots,segmentation_dataset/images/dots/dots_05.png,segmentation_dataset/ground_truth_masks/dots/dots_05_mask.png,segmentation_dataset/predicted_masks/dots/dots_05_mask.png,yes,external_validation,externally_verified,externally_verified,external,manual_fiji,0,255,836,762,836,762,836,762,yes,yes,yes,0.16816581,0.17015629,0f3a2068e5ed6234849c23a3c0cddff64eb3af18fa6894eff81e87b5838675fe,37a5f1bb9c61f28dfa448281cc4c760a3c869a02b3d7d3b42267b28ca52604c1,7d282c6718a3f5a9116a842e9567dec4e6efc235272ee6cf0926d657fec9da8f,
dots_06,dots,segmentation_dataset/images/dots/dots_06.png,segmentation_dataset/ground_truth_masks/dots/dots_06_mask.png,segmentation_dataset/predicted_masks/dots/dots_06_mask.png,yes,external_validation,externally_verified,externally_verified,external,manual_fiji,0,255,714,684,714,684,714,684,yes,yes,yes,0.21458876,0.21711345,32ec6c712cb72576ef26fe249f19d7f696e0754f78c4a6b6b587082577d563d2,8d9d0dc26770652cd498945db1d1ddc0a73e4b4e538827255710a911723dacea,0221e164e43b0ccde3434aef0116238f993726b94e6f45662d4e2b9946f23cad,
dots_07,dots,segmentation_dataset/images/dots/dots_07.png,segmentation_dataset/ground_truth_masks/dots/dots_07_mask.png,segmentation_dataset/predicted_masks/dots/dots_07_mask.png,yes,external_validation,externally_verified,externally_verified,external,manual_fiji,0,255,830,822,830,822,830,822,yes,yes,yes,0.28171958,0.29228447,04bdae8ae6131228a33bc8d0c97a2aa015b6dd567e11ff34050148fb83167b8e,e5c0f7af8071179f616fcfaae6622507d76e4e93c5aef7e76e8b71ece37c13f8,09cd1ab8dc2e56e7da3a94cd13f189522a99eea3a336a0cccd5ec45ff33b3a02,
dots_08,dots,segmentation_dataset/images/dots/dots_08.png,segmentation_dataset/ground_truth_masks/dots/dots_08_mask.png,segmentation_dataset/predicted_masks/dots/dots_08_mask.png,yes,external_validation,externally_verified,externally_verified,external,manual_fiji,0,255,820,812,820,812,820,812,yes,yes,yes,0.32745104,0.32596119,686ecc072c1363094b3045177613e282cbeec0e0a950ffd8feed8daacc836883,7e3422f9baf67e69d1f5d7df68ae2e82dc6d78d5d2d648485764638a2dd24579,cf00b04ac6fe6e993361d9844d6ed814bbdebc8361eeb8853df39eaac7f6f02e,
dots_09,dots,segmentation_dataset/images/dots/dots_09.png,segmentation_dataset/ground_truth_masks/dots/dots_09_mask.png,segmentation_dataset/predicted_masks/dots/dots_09_mask.png,yes,external_validation,externally_verified,externally_verified,external,manual_fiji,0,255,808,728,808,728,808,728,yes,yes,yes,0.18529506,0.18182359,36372990e82fa4a147cbea76e2d6c640ec3e03721ae6f03d0e8cbc9473a30042,7d7321a8ae9ff2dd1c273e575405dec1d0387cea13122a73aa552b456464d715,030fd2a4fc6d211145d45b9482ab4e60f864c34b4a9bdf7fff32c00b87632c6e,
dots_10,dots,segmentation_dataset/images/dots/dots_10.png,segmentation_dataset/ground_truth_masks/dots/dots_10_mask.png,segmentation_dataset/predicted_masks/dots/dots_10_mask.png,yes,external_validation,externally_verified,externally_verified,external,manual_fiji,0,255,738,706,738,706,738,706,yes,yes,yes,0.2159097,0.22296307,b9e9c498232a03edfa0d90e41d543079b5845d08e18aec08103adf9454363c23,996a7aaf3156a534cf88906b2224b4c1f41d5d9c9d9eb573c328cd323755a4e5,cb6872cb042d47faf9c6269147c58b1d4fe11e61a31d323e5dd3ba2d1c048197,
dots_11,dots,segmentation_dataset/images/dots/dots_11.png,segmentation_dataset/ground_truth_masks/dots/dots_11_mask.png,segmentation_dataset/predicted_masks/dots/dots_11_mask.png,yes,external_validation,externally_verified,externally_verified,external,manual_fiji,0,255,656,724,656,724,656,724,yes,yes,yes,0.22123871,0.21972696,b03c485817525b96c45b8e5286da06fed5a69c84fdb1095a610a8ca448980166,a99987df677b6154818f9f43f360c6b48f4187faca533008af068521e9601d8a,3e1c4d20329dc98a867d30059ca073a0e502d04083f44160f03dd99a319e9598,
dots_13,dots,segmentation_dataset/images/dots/dots_13.png,segmentation_dataset/ground_truth_masks/dots/dots_13_mask.png,segmentation_dataset/predicted_masks/dots/dots_13_mask.png,yes,external_validation,externally_verified,externally_verified,external,manual_fiji,0,255,502,588,502,588,502,588,yes,yes,yes,0.11097786,0.10918909,3d210a136f63aeeabc5f020d3a2c4d4e15ebc3b70be11a6c23dd3041677e93f8,e23a2a74a089672c90b873bce90a326da8c1e7f36f140b0f4135316a32d54e73,3644e966567e4f86c5ed246bd3772174c078ef8d5327ad13a0b3a29e90f08645,
dots_14,dots,segmentation_dataset/images/dots/dots_14.png,segmentation_dataset/ground_truth_masks/dots/dots_14_mask.png,segmentation_dataset/predicted_masks/dots/dots_14_mask.png,yes,external_validation,externally_verified,externally_verified,external,manual_fiji,0,255,536,520,536,520,536,520,yes,yes,yes,0.26042982,0.25869331,b15b0b1b44b09ebc11aae27ae196610cefc26fc978dd012b123d7ae4e2216839,3d06dda8975beaa228a48fcc9b6ccd4e7e0ccb0daa9f23e204da1b769a3f533f,72729773bfe61d7ef4e965fd995c6766067f7848af4bb33d0cafb40c69e01412,
irregular_01,irregular,segmentation_dataset/images/irregular/irregular_01.png,segmentation_dataset/ground_truth_masks/irregular/irregular_01_mask.png,segmentation_dataset/predicted_masks/irregular/irregular_01_mask.png,yes,external_validation,externally_verified,externally_verified,external,manual_fiji,0,255,482,528,482,528,482,528,yes,yes,yes,0.20003065,0.1956573,53ce1acdb3a1cabf1623d2a37af0977a5849ad45c83132dfebd0630959d56e02,d7bc28daa640bba3069e8e5ae509ad42e590f1a90dd2ecd427f2f45a0174c2d9,6dbd9816305e24d7cbc1ed3d552a18ec1291b945de3bf5763971993dfe492ee6,
irregular_02,irregular,segmentation_dataset/images/irregular/irregular_02.png,segmentation_dataset/ground_truth_masks/irregular/irregular_02_mask.png,segmentation_dataset/predicted_masks/irregular/irregular_02_mask.png,yes,external_validation,externally_verified,externally_verified,external,manual_fiji,0,255,253,277,253,277,253,277,yes,yes,yes,0.12762375,0.12559752,f6ca194fa5cc9f1311ef1ca762bf3591dea563ec3a90593f323b05cef9b1029f,72d29660723726a45da6d473d5a57db643c957152d55538b574cef23ddb05755,9e28ecbdb435af11a208850b81ea2541b5d2a9bc8cd952d239723fc044fe0717,
irregular_03,irregular,segmentation_dataset/images/irregular/irregular_03.png,segmentation_dataset/ground_truth_masks/irregular/irregular_03_mask.png,segmentation_dataset/predicted_masks/irregular/irregular_03_mask.png,yes,external_validation,externally_verified,externally_verified,external,manual_fiji,0,255,362,310,362,310,362,310,yes,yes,yes,0.14679202,0.14577615,2ded8e6a08dbde0454ffdc8d09ade1675b557b60c1f21346147588f119bf9ad1,42740593531ffe3102028881ee05d0a646bf9bc7f5144a6415810add254328da,cc2ead39708cd9a7a7a8ad496d85fe5692d9947ef421979af48a7cb93edf5956,
irregular_04,irregular,segmentation_dataset/images/irregular/irregular_04.png,segmentation_dataset/ground_truth_masks/irregular/irregular_04_mask.png,segmentation_dataset/predicted_masks/irregular/irregular_04_mask.png,yes,external_validation,externally_verified,externally_verified,external,manual_fiji,0,255,343,239,343,239,343,239,yes,yes,yes,0.1306586,0.13112214,8da4255124c812daee4be01dec8ff27afd838fbd07e87e36926eef624d7d0862,39edfb7587220a9582037925ef4013b1d465bdc216f59f10138ff4b23dbb9a38,98fc32a8cc18be461d43eccb8e469aa5d0049306bb3a6c051d9888840f88fb64,
irregular_05,irregular,segmentation_dataset/images/irregular/irregular_05.png,segmentation_dataset/ground_truth_masks/irregular/irregular_05_mask.png,segmentation_dataset/predicted_masks/irregular/irregular_05_mask.png,yes,external_validation,externally_verified,externally_verified,external,manual_fiji,0,255,353,386,353,386,353,386,yes,yes,yes,0.15006825,0.14834358,9a85f1cd239a129d11abe1a5c287f7ea2d672127af5fc0fbdc47ab119e6faec5,99c0b80b36b7b67a0e68e1774ab1ef954e9c61ef8093dc016af121c18051ecc4,1e9faff4ee45a73cca50e6e02cae809673c72fa76503b2dbf937688d68a36c1c,
irregular_06,irregular,segmentation_dataset/images/irregular/irregular_06.jpeg,segmentation_dataset/ground_truth_masks/irregular/irregular_06_mask.png,segmentation_dataset/predicted_masks/irregular/irregular_06_mask.png,yes,external_validation,externally_verified,externally_verified,external,manual_fiji,0,255,1254,1254,1254,1254,1254,1254,yes,yes,yes,0.22122001,0.21731098,6341df71c8836694a2474825d6495f3411ae5b435efe06f686686bf8e455d0e4,8c9920d7cf66669cae2a238fd03696b8a55a3fc20962e4458e985aceb18a1722,bc01db22e094aad9b8ca104f1c000dfaa15881e01c35319e5cc9df54bb3905c6,
irregular_07,irregular,segmentation_dataset/images/irregular/irregular_07.png,segmentation_dataset/ground_truth_masks/irregular/irregular_07_mask.png,segmentation_dataset/predicted_masks/irregular/irregular_07_mask.png,yes,external_validation,externally_verified,externally_verified,external,manual_fiji,0,255,975,975,975,975,975,975,yes,yes,yes,0.59457304,0.58395582,fdbe3dd4a9d5a380097e294edd7a05a494f1b9c0a60b60b09ab4e3f0895f88ea,d1318bc049669de3fdf96f1eb2b64c32b89ee3fc4dfd557b5d9e766fc2c62d5b,f7a857dbcadad1eb5511c79f83822b8428d990931f3e0980a77e33eb07ea7835,
lines_01,lines,segmentation_dataset/images/lines/lines_01.png,segmentation_dataset/ground_truth_masks/lines/lines_01_mask.png,segmentation_dataset/predicted_masks/lines/lines_01_mask.png,yes,external_validation,externally_verified,externally_verified,external,manual_fiji,0,255,714,870,714,870,714,870,yes,yes,yes,0.21517274,0.21194662,fec43e944e7cf319a88ef94bdb0014d85927ecc4211bf35af879e2b253f5718b,8aa1eab6664b2900a008bdf7a8ac40e4fb789b65840e7ae2f5e6ae2ce744a2a4,332a5514a32d02a263c556e2ef787e4f93b6e49224f2bfb7189bdc5a2c44ccd4,
lines_02,lines,segmentation_dataset/images/lines/lines_02.png,segmentation_dataset/ground_truth_masks/lines/lines_02_mask.png,segmentation_dataset/predicted_masks/lines/lines_02_mask.png,yes,external_validation,externally_verified,externally_verified,external,manual_fiji,0,255,1150,932,1150,932,1150,932,yes,yes,yes,0.21451577,0.2102034,3c9ed6865f7ba4c85e2f85f032503d7de66ec74afe4de15bdf682bde37642dfc,00cd0057a825c455bf4798575acf692a5eaeb03523e8fbe9c6ea5cd3bbe0357e,15332c15ea189b96855a5196571a0b44e84b9d514a30490ce2bc0e90deb15887,
lines_03,lines,segmentation_dataset/images/lines/lines_03.png,segmentation_dataset/ground_truth_masks/lines/lines_03_mask.png,segmentation_dataset/predicted_masks/lines/lines_03_mask.png,yes,external_validation,externally_verified,externally_verified,external,manual_fiji,0,255,654,640,654,640,654,640,yes,yes,yes,0.21150612,0.20752102,9243a92613537ace4b3f06c71abaa8692ac19ec47a53cf2f06af6ac287a07bd8,c34c928be6d9daea751a09563331ba45a263b51e4ed186284b4607bc997775af,fdc098160a1e2142516b90c6caacd9ababa7549fd359f53304f3a4f61de8798d,
lines_04,lines,segmentation_dataset/images/lines/lines_04.png,segmentation_dataset/ground_truth_masks/lines/lines_04_mask.png,segmentation_dataset/predicted_masks/lines/lines_04_mask.png,yes,external_validation,externally_verified,externally_verified,external,manual_fiji,0,255,822,756,822,756,822,756,yes,yes,yes,0.13661028,0.13670361,6b7e8c88f3eef9520cc375831912244354bd6c5ca2cb727c7c6b75c1b7f85e93,9c1dce8489bd679411fc3d4ce9bd4a22edf2a92fdfc199266b11aefbc4a369d6,df46fbe3cf7bb91884cf2cf56877f04eb1fc7c6de3932b44acf68cd6cdefe42a,
lines_05,lines,segmentation_dataset/images/lines/lines_05.png,segmentation_dataset/ground_truth_masks/lines/lines_05_mask.png,segmentation_dataset/predicted_masks/lines/lines_05_mask.png,yes,external_validation,externally_verified,externally_verified,external,manual_fiji,0,255,536,558,536,558,536,558,yes,yes,yes,0.23826098,0.23333935,c9c8e5056abd359410ba2f45a26d66d90df2d880a22753bee048a6f86f75e82d,fa06ce526474c8814d1d8e31bf0afce53927b065cb4edf93d1c1025568d36a56,6b0a458eec5d6d7177f3dc3463f9caf41497ade5686b4a38d2b1b9ee8a7a9920,
lines_06,lines,segmentation_dataset/images/lines/lines_06.png,segmentation_dataset/ground_truth_masks/lines/lines_06_mask.png,segmentation_dataset/predicted_masks/lines/lines_06_mask.png,yes,external_validation,externally_verified,externally_verified,external,manual_fiji,0,255,684,692,684,692,684,692,yes,yes,yes,0.18960002,0.18636759,ba0440ffcd035a43f27fd83b589c8fc210a8bbfff1720858395a1447fb43462b,1b49e449a4ad4ed8091359d20b826a41cbc6fd1cb4998e2ddce805114d66533b,c13a8c2cb4ab7a72bba57ed28590bc08a7c940d5cde155bdd1b46f911e96007c,
lines_07,lines,segmentation_dataset/images/lines/lines_07.png,segmentation_dataset/ground_truth_masks/lines/lines_07_mask.png,segmentation_dataset/predicted_masks/lines/lines_07_mask.png,yes,external_validation,externally_verified,externally_verified,external,manual_fiji,0,255,658,726,658,726,658,726,yes,yes,yes,0.05320196,0.05279166,554b51b5bcc11c8b075e57c60db86651db9b952e0cc5aee52759ed32b373b856,931950191324461de642e5c858d5955bbf1978d4d6abcf2c3685139c0b5c6619,2e5509d0f8fcf84c7da13df62efbabb1babd6a6a46385dd714704b4e2c53202f,
lines_08,lines,segmentation_dataset/images/lines/lines_08.png,segmentation_dataset/ground_truth_masks/lines/lines_08_mask.png,segmentation_dataset/predicted_masks/lines/lines_08_mask.png,yes,external_validation,externally_verified,externally_verified,external,manual_fiji,0,255,652,716,652,716,652,716,yes,yes,yes,0.19490523,0.1936264,b59af0867b4a15ee1ba62bf0640a907506853ebbb7002aefe0dff373305514f2,ab6edae829ffe9d0febf934b57c67919756093c92de477cb11b6beabb7d122bd,dd358ba9bbf32a281e459681ac873d49caf4b1697f24d0e9fdb6b2dff88343a2,
lines_09,lines,segmentation_dataset/images/lines/lines_09.png,segmentation_dataset/ground_truth_masks/lines/lines_09_mask.png,segmentation_dataset/predicted_masks/lines/lines_09_mask.png,yes,external_validation,externally_verified,externally_verified,external,manual_fiji,0,255,622,668,622,668,622,668,yes,yes,yes,0.18960231,0.18805957,f708fe1de75330c314cba9d97f9dd06029f9ea09ae15595850583a71a60fedcc,249935f910b80619e457a4b7aebdc6e1adf7627e858710a7c608ac669a94d107,67fefcc9c4f6e81ba6b79eb23a1d02858809f31a368e4964b19d66d6f4f95e43,
lines_10,lines,segmentation_dataset/images/lines/lines_10.png,segmentation_dataset/ground_truth_masks/lines/lines_10_mask.png,segmentation_dataset/predicted_masks/lines/lines_10_mask.png,yes,external_validation,externally_verified,externally_verified,external,manual_fiji,0,255,524,546,524,546,524,546,yes,yes,yes,0.18805399,0.18470207,fabd79ab613035d80665799501a1b1bd9d1caa9a9f4d7de0ccb052982017298e,51d9fa35387a6ead316b92496828c9a59911a81051e439d0c42bedce2c1f3290,adff669297af961c9b001da68e82752f896784d162fc9e780d961e94240b1ad7,
lines_11,lines,segmentation_dataset/images/lines/lines_11.png,segmentation_dataset/ground_truth_masks/lines/lines_11_mask.png,segmentation_dataset/predicted_masks/lines/lines_11_mask.png,yes,external_validation,externally_verified,externally_verified,external,manual_fiji,0,255,584,620,584,620,584,620,yes,yes,yes,0.10397702,0.10230888,1f1adc212531eb25bd71ae97f1ca695d7bd5d7815ed94542c5d4e82f3e5d33e4,705d65d0bd81e3c836147c2efefaa3eefcb474b6d2603ff01906202e924efb3d,e41c9a91d0714a6f81c67521db3420f4d429272cf1c7a6f4d3e7bbc75d1cf683,
lines_12,lines,segmentation_dataset/images/lines/lines_12.png,segmentation_dataset/ground_truth_masks/lines/lines_12_mask.png,segmentation_dataset/predicted_masks/lines/lines_12_mask.png,yes,external_validation,externally_verified,externally_verified,external,manual_fiji,0,255,446,456,446,456,446,456,yes,yes,yes,0.1069251,0.10655141,49b85fae5236cd46cf509dc6e0e1711937ea57685de6df8757fd9819ecb586a6,e1a23a81b53125b780146550155f2fc85e1b8a65399525fd00d52f1e09137de0,7a9a83d5ccfc7daa24dd4769d17330912e7411535916622e3b2ccdc671e0d45b,
lines_13,lines,segmentation_dataset/images/lines/lines_13.png,segmentation_dataset/ground_truth_masks/lines/lines_13_mask.png,segmentation_dataset/predicted_masks/lines/lines_13_mask.png,yes,external_validation,externally_verified,externally_verified,external,manual_fiji,0,255,436,482,436,482,436,482,yes,yes,yes,0.1597558,0.15688644,f3962b1a2012657c79328f75949090a4024f185ae83e4afd10b4156fbeb2c49f,01c66fe655af00b0acdf19c6491e918c27448903c83bd11947ae48b8614e7da7,e1ac7648e689d3c004c15679cf4d2dd0844d280d2d4b988067e83763173eb0a9,
lines_14,lines,segmentation_dataset/images/lines/lines_14.png,segmentation_dataset/ground_truth_masks/lines/lines_14_mask.png,segmentation_dataset/predicted_masks/lines/lines_14_mask.png,yes,external_validation,externally_verified,externally_verified,external,manual_fiji,0,255,434,480,434,480,434,480,yes,yes,yes,0.02230223,0.02212462,6be8b0306ed3abcedcc278ef5f6d57ce5e76dde9f041b5f79f4b8df5476b68f1,061b6c65aa101f2ca968b25ea308d845f6b790b554eed680abc78371a268ba7f,ee747e5479b8b26b2cf4a87b2bcf8b439eb1335f23b9aa2f5cf8c57e94de539f,
lines_15,lines,segmentation_dataset/images/lines/lines_15.png,segmentation_dataset/ground_truth_masks/lines/lines_15_mask.png,segmentation_dataset/predicted_masks/lines/lines_15_mask.png,yes,external_validation,externally_verified,externally_verified,external,manual_fiji,0,255,278,266,278,266,278,266,yes,yes,yes,0.09686536,0.09449884,6dff08ed67795000acaa89052fa1d23b41698f272b91360c04138438d07b803b,41b2e7b996d1382ca5d69164ca3fe78c98d6b127b4b286a38cf42065b73e52f0,fe4d4ea1dfccac922fcb476dde9a9e306fb94d5c617b8894097784ab80189dc2,
lines_16,lines,segmentation_dataset/images/lines/lines_16.png,segmentation_dataset/ground_truth_masks/lines/lines_16_mask.png,segmentation_dataset/predicted_masks/lines/lines_16_mask.png,yes,external_validation,externally_verified,externally_verified,external,manual_fiji,0,255,258,258,258,258,258,258,yes,yes,yes,0.51186828,0.50715101,f4221de57d9db167e82b06069e8b598a82e5cd9deeb35e35374b6f999cc3e367,066be2aea201a94a6a89f8ecdcd031644ea1f23950841f52c3e9e41f4e7fbf1e,6a296be135bf70e55a44349ae498b0b49e6db42f1b763dc0b262d33e4e692a7f,
lines_17,lines,segmentation_dataset/images/lines/lines_17.png,segmentation_dataset/ground_truth_masks/lines/lines_17_mask.png,segmentation_dataset/predicted_masks/lines/lines_17_mask.png,yes,external_validation,externally_verified,externally_verified,external,manual_fiji,0,255,648,596,648,596,648,596,yes,yes,yes,0.07280274,0.07212953,26aa760a42645da9ffb86d90145727759feac07913271e16ae0d8c4096e81ced,59418c3fe5b7a36e98d89ed1aa39b471dadd6bafa1d1e304588ebfb8ce63c8b6,6f1e8704aca708bfef9b91d59593d19aa4d23c039904cf1c370c81adb80cb232,
lines_18,lines,segmentation_dataset/images/lines/lines_18.png,segmentation_dataset/ground_truth_masks/lines/lines_18_mask.png,segmentation_dataset/predicted_masks/lines/lines_18_mask.png,yes,external_validation,externally_verified,externally_verified,external,manual_fiji,0,255,556,532,556,532,556,532,yes,yes,yes,0.27667415,0.2711669,42aca41abcf9b752f0dcafc269eba5ffd35e6fb6ac72f8833f8d645af6fa0809,130873d6936417a12583e9bca7c5d19fc4bcbcbf45f36d8d41dbb2ac24ffaa5c,3753d9bab90935c09e6af0aabbd1ee4b6b92a0564ba3bcca500bca4b784539a2,
lines_19,lines,segmentation_dataset/images/lines/lines_19.png,segmentation_dataset/ground_truth_masks/lines/lines_19_mask.png,segmentation_dataset/predicted_masks/lines/lines_19_mask.png,yes,external_validation,externally_verified,externally_verified,external,manual_fiji,0,255,546,544,546,544,546,544,yes,yes,yes,0.09110038,0.08924868,be56dd049c02613d77d8bedfbfe0cee4b2d5c479f10c960696b309ed8e7f4e66,b6944a479907dd771c17464150c8533627b08fee38b45f7d80907666aa7a4082,227aacc37575b869aa55aab9bb5d16eb8706e995c8de8e124a1e8732840b7b41,
lines_20,lines,segmentation_dataset/images/lines/lines_20.png,segmentation_dataset/ground_truth_masks/lines/lines_20_mask.png,segmentation_dataset/predicted_masks/lines/lines_20_mask.png,yes,external_validation,externally_verified,externally_verified,external,manual_fiji,0,255,1030,1030,1030,1030,1030,1030,yes,yes,yes,0.30470355,0.29796965,c3e27a9e70c77602d11c6ddffbdd1380e49282b15d08e353f97671401459266f,c938fb472e1fe2738af11bbec0494bab88ebf96a3704ccdc1aa929ff7b66f4ea,87ec7e75681ad9503e6208f2d0b8f604813b255526aa70b5472ae0e2f6cfd706,
Mixed_01,mixed,segmentation_dataset/images/mixed/Mixed_01.png,segmentation_dataset/ground_truth_masks/mixed/Mixed_01_mask.png,segmentation_dataset/predicted_masks/mixed/Mixed_01_mask.png,yes,external_validation,externally_verified,externally_verified,external,manual_fiji,0,255,762,662,762,662,762,662,yes,yes,yes,0.46549667,0.13675056,241dcb9ca26c6545c05813c476a187247f52296de3c81bb9a2e118a98ec543df,3bcf1baf20320f987f7607ec3b0454c8cb7e465ddca691c4295c8db00c832993,1badca06599c19196e2353566a1d96d8081083e2161cdce33e947327eb5bb5ab,
Mixed_03,mixed,segmentation_dataset/images/mixed/Mixed_03.png,segmentation_dataset/ground_truth_masks/mixed/Mixed_03_mask.png,segmentation_dataset/predicted_masks/mixed/Mixed_03_mask.png,yes,external_validation,externally_verified,externally_verified,external,manual_fiji,0,255,207,207,207,207,207,207,yes,yes,yes,0.19624729,0.19972461,b51b524b4f16d340bf6c52e399c10676397ded74433592c29c85d1d35a0db751,89f7055ee2452d819de049c4203ee52f43190843c0cf93c5858de62ceec4a6ae,fc1d187802228fdb6ed7103fff736d39485eefe477edc9a7a8adf3d689355410,
Mixed_04,mixed,segmentation_dataset/images/mixed/Mixed_04.png,segmentation_dataset/ground_truth_masks/mixed/Mixed_04_mask.png,segmentation_dataset/predicted_masks/mixed/Mixed_04_mask.png,yes,external_validation,externally_verified,externally_verified,external,manual_fiji,0,255,222,222,222,222,222,222,yes,yes,yes,0.25484944,0.25099424,adae6f07ca256e470483f61a50f55f162395efd185203f292af13a21506dc272,bb84a57e799b9a2242b62c5fac594cd50616a3df8f1a31f2344ddcf1052e5aa4,bdd84f55a7de81efee752c175a2935f66799837e9e16e9f454ff649f1735df92,
mixed_05,mixed,segmentation_dataset/images/mixed/mixed_05.png,segmentation_dataset/ground_truth_masks/mixed/mixed_05_mask.png,segmentation_dataset/predicted_masks/mixed/mixed_05_mask.png,yes,external_validation,externally_verified,externally_verified,external,manual_fiji,0,255,1042,1042,1042,1042,1042,1042,yes,yes,yes,0.27616959,0.27259975,cc47186ff2aa50d638ac24d9fa5baca178c7271ec334cb4c28b4319cfc0c1c77,5624819553ceca41d017b3c8ff1a92cdf5f1689178657901c4ed33ba7c976324,42c53feb5fa26d12a9ee0fa1446ee9e0858277f8641963f8d0eb4cad74d5f8c6,
mixed_06,mixed,segmentation_dataset/images/mixed/mixed_06.jpeg,segmentation_dataset/ground_truth_masks/mixed/mixed_06_mask.png,segmentation_dataset/predicted_masks/mixed/mixed_06_mask.png,yes,external_validation,externally_verified,externally_verified,external,manual_fiji,0,255,1254,1254,1254,1254,1254,1254,yes,yes,yes,0.30709131,0.30430279,c7bf3f985fddadfaf40a8c2f52a910d99cf08501f2eece4fde25cba369674e87,9094036efcc3519b5e2fae53a878d7f9a8d773460970d249b16708dce2e1c8eb,e744320d4e5eb3273314355775d83a348bf620e689c4fc4627e72526abfb2acc,
mixed_07,mixed,segmentation_dataset/images/mixed/mixed_07.png,segmentation_dataset/ground_truth_masks/mixed/mixed_07_mask.png,segmentation_dataset/predicted_masks/mixed/mixed_07_mask.png,yes,external_validation,externally_verified,externally_verified,external,manual_fiji,0,255,1042,1042,1042,1042,1042,1042,yes,yes,yes,0.28251259,0.27847672,e57aeb15799b4f1bc30edeab6bf73ff42c7a74336c2df737fd6a0329b0866c0d,d5bd14f0360580fb71f3d939e58b48e9ec2b2b05313564a5bf630f0ee872e355,3efe43e683fc56db5ba3da8c77648900e51bedb73ebac7e1fd534717e7b44737,
mixed_08,mixed,segmentation_dataset/images/mixed/mixed_08.jpeg,segmentation_dataset/ground_truth_masks/mixed/mixed_08_mask.png,segmentation_dataset/predicted_masks/mixed/mixed_08_mask.png,yes,external_validation,externally_verified,externally_verified,external,manual_fiji,0,255,887,887,887,887,887,887,yes,yes,yes,0.27105542,0.26639713,2e3b0a216ec060baa81be43847f1caa87e698acb92562db598107d24cf3b0922,f72195f59215008428b913de3342d07e98e1a7c7bbc7b03b7332ba4a19901e29,9d937446773e29b728b8c9af232e48a0249a180608853cfdb1d9d64815023be9,
mixed_09,mixed,segmentation_dataset/images/mixed/mixed_09.png,segmentation_dataset/ground_truth_masks/mixed/mixed_09_mask.png,segmentation_dataset/predicted_masks/mixed/mixed_09_mask.png,yes,external_validation,externally_verified,externally_verified,external,manual_fiji,0,255,706,634,706,634,706,634,yes,yes,yes,0.16466788,0.16198917,ba4713df34c59c46bdfc51d01d197573fc53b18f6765bc59ffa5ed467b205eee,b7de6d950f82426a809d22b5a4051d17b49d1849dacad93c24a69fdb50612589,c07c46f35dc0a3efcf16764af0d961738128063fe40885f48bbdd052b9c433ee,
mixed_10,mixed,segmentation_dataset/images/mixed/mixed_10.png,segmentation_dataset/ground_truth_masks/mixed/mixed_10_mask.png,segmentation_dataset/predicted_masks/mixed/mixed_10_mask.png,yes,external_validation,externally_verified,externally_verified,external,manual_fiji,0,255,633,569,633,569,633,569,yes,yes,yes,0.1453813,0.14296027,e62f410605f09161b782e70e36c1394feaef6fdcf4358bf334e2cb374f31209f,c5cf077a93c304bf6d57f903bceb464dbf7b101a16c02d7d1d0289a6e9d89430,95ab79496e8daa99b9144380d8862ae55786fe545e8a2db2fd6232fee3137795,
mixed_11,mixed,segmentation_dataset/images/mixed/mixed_11.png,segmentation_dataset/ground_truth_masks/mixed/mixed_11_mask.png,segmentation_dataset/predicted_masks/mixed/mixed_11_mask.png,yes,external_validation,externally_verified,externally_verified,external,manual_fiji,0,255,766,714,766,714,766,714,yes,yes,yes,0.1211576,0.11850824,aa85b277f60f06cbb0aedb8e19fc191cd6bb3f783879f3ad6171123ac5e1bc5b,86db906682c8392b957665af00865ead2916f2971253efcf2627a2d9ae056a17,8b9d1059090bb0a5672266cddd07d12adc58e39c3b991af1e26571f70b1906b3,
