relative_path,image_path,ground_truth_mask_path,predicted_mask_path,threshold,prediction_time_ms,ground_truth_foreground_fraction,predicted_foreground_fraction,dice,iou,pixel_precision,pixel_recall,specificity,pixel_accuracy,true_positive_pixels,true_negative_pixels,false_positive_pixels,false_negative_pixels
dots/dot_01.png,<ORIGINAL_RUN_ROOT>\AFM_Web-main\segmentation_dataset\images\dots\dot_01.png,<ORIGINAL_RUN_ROOT>\AFM_Web-main\segmentation_dataset\ground_truth_masks\dots\dot_01_mask.png,<ORIGINAL_RUN_ROOT>\AFM_Web-main\evaluation_outputs\experiment_2_segmentation\predicted_masks\dots\dot_01.png,0.5,236.68919999909122,0.21622012646018648,0.2097470796270496,0.8027146702895817,0.670445590846528,0.8151010397772271,0.7906991152635623,0.9505192487813549,0.9159629193012538,127622,556126,28950,33782
dots/dots_02.png,<ORIGINAL_RUN_ROOT>\AFM_Web-main\segmentation_dataset\images\dots\dots_02.png,<ORIGINAL_RUN_ROOT>\AFM_Web-main\segmentation_dataset\ground_truth_masks\dots\dots_02_mask.png,<ORIGINAL_RUN_ROOT>\AFM_Web-main\evaluation_outputs\experiment_2_segmentation\predicted_masks\dots\dots_02.png,0.5,264.33819999874686,0.07501248071162749,0.07806798584006536,0.8363684877593223,0.7187571657876634,0.8200011626893003,0.8534025078275075,0.9848082850964186,0.974951211763638,56421,802862,12385,9692
dots/dots_03.png,<ORIGINAL_RUN_ROOT>\AFM_Web-main\segmentation_dataset\images\dots\dots_03.png,<ORIGINAL_RUN_ROOT>\AFM_Web-main\segmentation_dataset\ground_truth_masks\dots\dots_03_mask.png,<ORIGINAL_RUN_ROOT>\AFM_Web-main\evaluation_outputs\experiment_2_segmentation\predicted_masks\dots\dots_03.png,0.5,224.8479000008956,0.19792152292152293,0.20351021527492116,0.8618313375099981,0.7572088091272402,0.8499977541211876,0.8739990647353258,0.9619401464782954,0.9445347136523607,151388,675231,26716,21825
dots/dots_04.png,<ORIGINAL_RUN_ROOT>\AFM_Web-main\segmentation_dataset\images\dots\dots_04.png,<ORIGINAL_RUN_ROOT>\AFM_Web-main\segmentation_dataset\ground_truth_masks\dots\dots_04_mask.png,<ORIGINAL_RUN_ROOT>\AFM_Web-main\evaluation_outputs\experiment_2_segmentation\predicted_masks\dots\dots_04.png,0.5,200.21700000143028,0.316692615658363,0.30867437722419927,0.779871249977771,0.6391712759522821,0.7900003602824615,0.769998595357657,0.9051356541835522,0.8623387455516014,87709,222457,23315,26199
dots/dots_05.png,<ORIGINAL_RUN_ROOT>\AFM_Web-main\segmentation_dataset\images\dots\dots_05.png,<ORIGINAL_RUN_ROOT>\AFM_Web-main\segmentation_dataset\ground_truth_masks\dots\dots_05_mask.png,<ORIGINAL_RUN_ROOT>\AFM_Web-main\evaluation_outputs\experiment_2_segmentation\predicted_masks\dots\dots_05.png,0.5,188.97959999958402,0.16816580642730664,0.17015628728227153,0.8499735525839589,0.7390904396100962,0.845002075741501,0.8550038739066715,0.9682943169058604,0.9492427381983951,91594,513104,16801,15533
dots/dots_06.png,<ORIGINAL_RUN_ROOT>\AFM_Web-main\segmentation_dataset\images\dots\dots_06.png,<ORIGINAL_RUN_ROOT>\AFM_Web-main\segmentation_dataset\ground_truth_masks\dots\dots_06_mask.png,<ORIGINAL_RUN_ROOT>\AFM_Web-main\evaluation_outputs\experiment_2_segmentation\predicted_masks\dots\dots_06.png,0.5,203.46530000097118,0.21458875948040035,0.21711345356856193,0.8549705216925244,0.7466799221241871,0.8499995284486905,0.86,0.9585349448349219,0.9373904532573263,90128,367671,15905,14672
dots/dots_07.png,<ORIGINAL_RUN_ROOT>\AFM_Web-main\segmentation_dataset\images\dots\dots_07.png,<ORIGINAL_RUN_ROOT>\AFM_Web-main\segmentation_dataset\ground_truth_masks\dots\dots_07_mask.png,<ORIGINAL_RUN_ROOT>\AFM_Web-main\evaluation_outputs\experiment_2_segmentation\predicted_masks\dots\dots_07.png,0.5,196.13910000043688,0.28171957904611145,0.29228446633248323,0.8147234564118278,0.6873699313625377,0.7999989970613899,0.8300001040550243,0.9186150913980908,0.8936505144666256,159531,450171,39883,32675
dots/dots_08.png,<ORIGINAL_RUN_ROOT>\AFM_Web-main\segmentation_dataset\images\dots\dots_08.png,<ORIGINAL_RUN_ROOT>\AFM_Web-main\segmentation_dataset\ground_truth_masks\dots\dots_08_mask.png,<ORIGINAL_RUN_ROOT>\AFM_Web-main\evaluation_outputs\experiment_2_segmentation\predicted_masks\dots\dots_08.png,0.5,210.72279999862076,0.327451039288718,0.32596119187792866,0.8769939411770115,0.7809342917492181,0.8789981477897879,0.8749988533688025,0.9413545923494339,0.9196263366574552,190776,421548,26262,27254
dots/dots_09.png,<ORIGINAL_RUN_ROOT>\AFM_Web-main\segmentation_dataset\images\dots\dots_09.png,<ORIGINAL_RUN_ROOT>\AFM_Web-main\segmentation_dataset\ground_truth_masks\dots\dots_09_mask.png,<ORIGINAL_RUN_ROOT>\AFM_Web-main\evaluation_outputs\experiment_2_segmentation\predicted_masks\dots\dots_09.png,0.5,196.1559000010311,0.18529505766510718,0.18182359101294746,0.8459258710430289,0.7329909317069256,0.8540012902863875,0.8380017431992294,0.9674164126127592,0.9434365139810684,91338,463614,15615,17657
dots/dots_10.png,<ORIGINAL_RUN_ROOT>\AFM_Web-main\segmentation_dataset\images\dots\dots_10.png,<ORIGINAL_RUN_ROOT>\AFM_Web-main\segmentation_dataset\ground_truth_masks\dots\dots_10_mask.png,<ORIGINAL_RUN_ROOT>\AFM_Web-main\evaluation_outputs\experiment_2_segmentation\predicted_masks\dots\dots_10.png,0.5,184.83170000035898,0.21590970158993375,0.22296306532470425,0.839682504974526,0.7236661591111245,0.8264009641043298,0.8533979287968354,0.9506355667718397,0.9296410173733466,96003,388366,20167,16492
dots/dots_11.png,<ORIGINAL_RUN_ROOT>\AFM_Web-main\segmentation_dataset\images\dots\dots_11.png,<ORIGINAL_RUN_ROOT>\AFM_Web-main\segmentation_dataset\ground_truth_masks\dots\dots_11_mask.png,<ORIGINAL_RUN_ROOT>\AFM_Web-main\evaluation_outputs\experiment_2_segmentation\predicted_masks\dots\dots_11.png,0.5,194.1731000006257,0.22123871445896778,0.21972695728338498,0.8759895718937708,0.7793429224403796,0.8790030472028977,0.8729966881114621,0.9658607935804124,0.9453156582670799,91731,357241,12627,13345
dots/dots_13.png,<ORIGINAL_RUN_ROOT>\AFM_Web-main\segmentation_dataset\images\dots\dots_13.png,<ORIGINAL_RUN_ROOT>\AFM_Web-main\segmentation_dataset\ground_truth_masks\dots\dots_13_mask.png,<ORIGINAL_RUN_ROOT>\AFM_Web-main\evaluation_outputs\experiment_2_segmentation\predicted_masks\dots\dots_13.png,0.5,195.5192999994324,0.11097785727836952,0.10918909396427894,0.8619437434603311,0.757382368848026,0.869004033509153,0.8549972525795225,0.983911164630475,0.9696045748976881,28008,258196,4222,4750
dots/dots_14.png,<ORIGINAL_RUN_ROOT>\AFM_Web-main\segmentation_dataset\images\dots\dots_14.png,<ORIGINAL_RUN_ROOT>\AFM_Web-main\segmentation_dataset\ground_truth_masks\dots\dots_14_mask.png,<ORIGINAL_RUN_ROOT>\AFM_Web-main\evaluation_outputs\experiment_2_segmentation\predicted_masks\dots\dots_14.png,0.5,195.02640000064275,0.260429822043628,0.2586933122847302,0.836989425668671,0.7196748199386722,0.8397986214165846,0.8341989612465042,0.943963363459514,0.9153774397244546,60552,194582,11551,12035
irregular/irregular_01.png,<ORIGINAL_RUN_ROOT>\AFM_Web-main\segmentation_dataset\images\irregular\irregular_01.png,<ORIGINAL_RUN_ROOT>\AFM_Web-main\segmentation_dataset\ground_truth_masks\irregular\irregular_01_mask.png,<ORIGINAL_RUN_ROOT>\AFM_Web-main\evaluation_outputs\experiment_2_segmentation\predicted_masks\irregular\irregular_01.png,0.5,169.92349999782164,0.20003064881176916,0.19565729913240287,0.8593956365875215,0.7534563816820478,0.8690002811583725,0.8500009821831969,0.9679599585439292,0.9443645479693198,43271,197066,6523,7636
irregular/irregular_02.png,<ORIGINAL_RUN_ROOT>\AFM_Web-main\segmentation_dataset\images\irregular\irregular_02.png,<ORIGINAL_RUN_ROOT>\AFM_Web-main\segmentation_dataset\ground_truth_masks\irregular\irregular_02_mask.png,<ORIGINAL_RUN_ROOT>\AFM_Web-main\evaluation_outputs\experiment_2_segmentation\predicted_masks\irregular\irregular_02.png,0.5,193.23639999856823,0.12762374966110643,0.12559752286639744,0.87693001239716,0.7808329152032111,0.8840036355373777,0.8699686940966009,0.9832998020838445,0.9688360611292647,7781,60116,1021,1163
irregular/irregular_03.png,<ORIGINAL_RUN_ROOT>\AFM_Web-main\segmentation_dataset\images\irregular\irregular_03.png,<ORIGINAL_RUN_ROOT>\AFM_Web-main\segmentation_dataset\ground_truth_masks\irregular\irregular_03_mask.png,<ORIGINAL_RUN_ROOT>\AFM_Web-main\evaluation_outputs\experiment_2_segmentation\predicted_masks\irregular\irregular_03.png,0.5,196.89429999925778,0.14679201568347888,0.1457761539832472,0.858979044834308,0.7528161870695638,0.8619720031786783,0.8560067990044314,0.9764170156767313,0.9587417572625201,14101,93489,2258,2372
irregular/irregular_04.png,<ORIGINAL_RUN_ROOT>\AFM_Web-main\segmentation_dataset\images\irregular\irregular_04.png,<ORIGINAL_RUN_ROOT>\AFM_Web-main\segmentation_dataset\ground_truth_masks\irregular\irregular_04_mask.png,<ORIGINAL_RUN_ROOT>\AFM_Web-main\evaluation_outputs\experiment_2_segmentation\predicted_masks\irregular\irregular_04.png,0.5,183.92879999737488,0.13065859936323604,0.1311221440160045,0.854520037278658,0.7459930030103327,0.8530095822867242,0.8560358509943048,0.9778295400331154,0.9619161472120229,9169,69686,1580,1542
irregular/irregular_05.png,<ORIGINAL_RUN_ROOT>\AFM_Web-main\segmentation_dataset\images\irregular\irregular_05.png,<ORIGINAL_RUN_ROOT>\AFM_Web-main\segmentation_dataset\ground_truth_masks\irregular\irregular_05_mask.png,<ORIGINAL_RUN_ROOT>\AFM_Web-main\evaluation_outputs\experiment_2_segmentation\predicted_masks\irregular\irregular_05.png,0.5,198.72530000066035,0.15006825287322578,0.14834358349601492,0.8649565923120435,0.7620471485526088,0.8699846633354772,0.8599863067292645,0.9773076590967965,0.9597014487222768,17585,113182,2628,2863
irregular/irregular_06.jpeg,<ORIGINAL_RUN_ROOT>\AFM_Web-main\segmentation_dataset\images\irregular\irregular_06.jpeg,<ORIGINAL_RUN_ROOT>\AFM_Web-main\segmentation_dataset\ground_truth_masks\irregular\irregular_06_mask.png,<ORIGINAL_RUN_ROOT>\AFM_Web-main\evaluation_outputs\experiment_2_segmentation\predicted_masks\irregular\irregular_06.png,0.5,192.26549999802955,0.22122000666447908,0.21731098443513452,0.841433474913609,0.7262711779549005,0.8490013900065843,0.8339992870941035,0.9578653061624439,0.9304636645986432,290125,1173044,51600,57747
irregular/irregular_07.png,<ORIGINAL_RUN_ROOT>\AFM_Web-main\segmentation_dataset\images\irregular\irregular_07.png,<ORIGINAL_RUN_ROOT>\AFM_Web-main\segmentation_dataset\ground_truth_masks\irregular\irregular_07_mask.png,<ORIGINAL_RUN_ROOT>\AFM_Web-main\evaluation_outputs\experiment_2_segmentation\predicted_masks\irregular\irregular_07.png,0.5,198.9901999986614,0.5945730440499671,0.5839558185404339,0.8324319692521639,0.7129622834217076,0.839999423551177,0.8249996461529752,0.7695435238927996,0.8025162393162393,466303,296589,88820,98913
lines/lines_01.png,<ORIGINAL_RUN_ROOT>\AFM_Web-main\segmentation_dataset\images\lines\lines_01.png,<ORIGINAL_RUN_ROOT>\AFM_Web-main\segmentation_dataset\ground_truth_masks\lines\lines_01_mask.png,<ORIGINAL_RUN_ROOT>\AFM_Web-main\evaluation_outputs\experiment_2_segmentation\predicted_masks\lines\lines_01.png,0.5,196.02349999695434,0.21517273576097107,0.2119466177275508,0.8869507534355,0.7968656878149212,0.8937010565332645,0.8803016586738092,0.9712934265126077,0.9517144788950063,117662,473524,13995,15999
lines/lines_02.png,<ORIGINAL_RUN_ROOT>\AFM_Web-main\segmentation_dataset\images\lines\lines_02.png,<ORIGINAL_RUN_ROOT>\AFM_Web-main\segmentation_dataset\ground_truth_masks\lines\lines_02_mask.png,<ORIGINAL_RUN_ROOT>\AFM_Web-main\evaluation_outputs\experiment_2_segmentation\predicted_masks\lines\lines_02.png,0.5,200.42340000145487,0.21451576786713938,0.21020339615599926,0.8764097765007227,0.7800083679717835,0.8853996520133514,0.8676006228307483,0.9693318065952236,0.9475088635939541,199477,816063,25819,30441
lines/lines_03.png,<ORIGINAL_RUN_ROOT>\AFM_Web-main\segmentation_dataset\images\lines\lines_03.png,<ORIGINAL_RUN_ROOT>\AFM_Web-main\segmentation_dataset\ground_truth_masks\lines\lines_03_mask.png,<ORIGINAL_RUN_ROOT>\AFM_Web-main\evaluation_outputs\experiment_2_segmentation\predicted_masks\lines\lines_03.png,0.5,194.73540000035428,0.21150611620795107,0.2075210244648318,0.8620202066275914,0.7575004509289136,0.8702970297029703,0.8538993312850172,0.9658639162263053,0.9421827217125383,75594,318766,11266,12934
lines/lines_04.png,<ORIGINAL_RUN_ROOT>\AFM_Web-main\segmentation_dataset\images\lines\lines_04.png,<ORIGINAL_RUN_ROOT>\AFM_Web-main\segmentation_dataset\ground_truth_masks\lines\lines_04_mask.png,<ORIGINAL_RUN_ROOT>\AFM_Web-main\evaluation_outputs\experiment_2_segmentation\predicted_masks\lines\lines_04.png,0.5,197.05919999978505,0.1366102807708647,0.13670361358925837,0.8850017074290828,0.7937247198724244,0.8846995950654487,0.8853040261973756,0.9817440703174798,0.9685693688126779,75157,526743,9795,9737
lines/lines_05.png,<ORIGINAL_RUN_ROOT>\AFM_Web-main\segmentation_dataset\images\lines\lines_05.png,<ORIGINAL_RUN_ROOT>\AFM_Web-main\segmentation_dataset\ground_truth_masks\lines\lines_05_mask.png,<ORIGINAL_RUN_ROOT>\AFM_Web-main\evaluation_outputs\experiment_2_segmentation\predicted_masks\lines\lines_05.png,0.5,187.84930000038003,0.23826098004600652,0.233339351628952,0.8619071251329316,0.7573258247782318,0.8709968619696514,0.8530051500820925,0.9604831736361362,0.934875354410742,60786,218824,9003,10475
lines/lines_06.png,<ORIGINAL_RUN_ROOT>\AFM_Web-main\segmentation_dataset\images\lines\lines_06.png,<ORIGINAL_RUN_ROOT>\AFM_Web-main\segmentation_dataset\ground_truth_masks\lines\lines_06_mask.png,<ORIGINAL_RUN_ROOT>\AFM_Web-main\evaluation_outputs\experiment_2_segmentation\predicted_masks\lines\lines_06.png,0.5,207.07299999776296,0.18960002366223844,0.18636759287428592,0.8719346355278833,0.7729469080330368,0.8794962193780962,0.8645019667272099,0.9722877589061095,0.951851570158537,77583,372955,10630,12160
lines/lines_07.png,<ORIGINAL_RUN_ROOT>\AFM_Web-main\segmentation_dataset\images\lines\lines_07.png,<ORIGINAL_RUN_ROOT>\AFM_Web-main\segmentation_dataset\ground_truth_masks\lines\lines_07_mask.png,<ORIGINAL_RUN_ROOT>\AFM_Web-main\evaluation_outputs\experiment_2_segmentation\predicted_masks\lines\lines_07.png,0.5,194.97669999691425,0.053201956006598175,0.0527916635266732,0.8779871232768496,0.7825107371682039,0.8813989452397002,0.8746016132205391,0.9933870300889025,0.9870674135664464,22228,449302,2991,3187
lines/lines_08.png,<ORIGINAL_RUN_ROOT>\AFM_Web-main\segmentation_dataset\images\lines\lines_08.png,<ORIGINAL_RUN_ROOT>\AFM_Web-main\segmentation_dataset\ground_truth_masks\lines\lines_08_mask.png,<ORIGINAL_RUN_ROOT>\AFM_Web-main\evaluation_outputs\experiment_2_segmentation\predicted_masks\lines\lines_08.png,0.5,195.59920000028796,0.1949052335743908,0.19362640093224115,0.9119909140528948,0.838219943043042,0.9150025998163533,0.9089989888776542,0.9795580081097477,0.9658056859855365,82708,368161,7683,8280
lines/lines_09.png,<ORIGINAL_RUN_ROOT>\AFM_Web-main\segmentation_dataset\images\lines\lines_09.png,<ORIGINAL_RUN_ROOT>\AFM_Web-main\segmentation_dataset\ground_truth_masks\lines\lines_09_mask.png,<ORIGINAL_RUN_ROOT>\AFM_Web-main\evaluation_outputs\experiment_2_segmentation\predicted_masks\lines\lines_09.png,0.5,188.75090000074124,0.18960230664073782,0.18805957217398,0.8574851673177539,0.7505243195002231,0.861002329212419,0.8539966234656444,0.967744426328341,0.9461775805302578,67277,325856,10861,11502
lines/lines_10.png,<ORIGINAL_RUN_ROOT>\AFM_Web-main\segmentation_dataset\images\lines\lines_10.png,<ORIGINAL_RUN_ROOT>\AFM_Web-main\segmentation_dataset\ground_truth_masks\lines\lines_10_mask.png,<ORIGINAL_RUN_ROOT>\AFM_Web-main\evaluation_outputs\experiment_2_segmentation\predicted_masks\lines\lines_10.png,0.5,200.75900000301772,0.18805399435170428,0.1847020663814557,0.8344350989713728,0.7159061655296692,0.8420066611157369,0.8269984945077412,0.9640595606562176,0.9382846796968934,44495,223952,8349,9308
lines/lines_11.png,<ORIGINAL_RUN_ROOT>\AFM_Web-main\segmentation_dataset\images\lines\lines_11.png,<ORIGINAL_RUN_ROOT>\AFM_Web-main\segmentation_dataset\ground_truth_masks\lines\lines_11_mask.png,<ORIGINAL_RUN_ROOT>\AFM_Web-main\evaluation_outputs\experiment_2_segmentation\predicted_masks\lines\lines_11.png,0.5,187.9804000018339,0.10397702165267345,0.1023088820150243,0.8649386815187704,0.7620193441849493,0.8719900658676168,0.8580004249893752,0.985383685949598,0.9721387538665488,32302,319690,4742,5346
lines/lines_12.png,<ORIGINAL_RUN_ROOT>\AFM_Web-main\segmentation_dataset\images\lines\lines_12.png,<ORIGINAL_RUN_ROOT>\AFM_Web-main\segmentation_dataset\ground_truth_masks\lines\lines_12_mask.png,<ORIGINAL_RUN_ROOT>\AFM_Web-main\evaluation_outputs\experiment_2_segmentation\predicted_masks\lines\lines_12.png,0.5,193.34609999714303,0.10692510424042168,0.10655141216269373,0.8565045144647134,0.7490230834306892,0.8580064605445316,0.8550078175296606,0.9830589660298409,0.9693670836283534,18593,178553,3077,3153
lines/lines_13.png,<ORIGINAL_RUN_ROOT>\AFM_Web-main\segmentation_dataset\images\lines\lines_13.png,<ORIGINAL_RUN_ROOT>\AFM_Web-main\segmentation_dataset\ground_truth_masks\lines\lines_13_mask.png,<ORIGINAL_RUN_ROOT>\AFM_Web-main\evaluation_outputs\experiment_2_segmentation\predicted_masks\lines\lines_13.png,0.5,189.0601000013703,0.15975579580494118,0.15688644409760555,0.832484258299145,0.7130390011584502,0.8400970579314528,0.8250081911059483,0.9701436750689493,0.9469574403289048,27698,171307,5272,5875
lines/lines_14.png,<ORIGINAL_RUN_ROOT>\AFM_Web-main\segmentation_dataset\images\lines\lines_14.png,<ORIGINAL_RUN_ROOT>\AFM_Web-main\segmentation_dataset\ground_truth_masks\lines\lines_14_mask.png,<ORIGINAL_RUN_ROOT>\AFM_Web-main\evaluation_outputs\experiment_2_segmentation\predicted_masks\lines\lines_14.png,0.5,195.0890000007348,0.022302227342549923,0.022124615975422427,0.8685035116153429,0.767570664629488,0.871989585593404,0.865045200172191,0.9971032139595628,0.9941580261136713,4019,203084,590,627
lines/lines_15.png,<ORIGINAL_RUN_ROOT>\AFM_Web-main\segmentation_dataset\images\lines\lines_15.png,<ORIGINAL_RUN_ROOT>\AFM_Web-main\segmentation_dataset\ground_truth_masks\lines\lines_15_mask.png,<ORIGINAL_RUN_ROOT>\AFM_Web-main\evaluation_outputs\experiment_2_segmentation\predicted_masks\lines\lines_15.png,0.5,169.87180000069202,0.09686536485097637,0.09449883702060907,0.8503992650696063,0.7397344479960658,0.8610475100171722,0.8400111685048163,0.9854608070674553,0.9713717747606426,6017,65814,971,1146
lines/lines_16.png,<ORIGINAL_RUN_ROOT>\AFM_Web-main\segmentation_dataset\images\lines\lines_16.png,<ORIGINAL_RUN_ROOT>\AFM_Web-main\segmentation_dataset\ground_truth_masks\lines\lines_16_mask.png,<ORIGINAL_RUN_ROOT>\AFM_Web-main\evaluation_outputs\experiment_2_segmentation\predicted_masks\lines\lines_16.png,0.5,196.9959000016388,0.511868277146806,0.5071510125593414,0.8619784756007666,0.7574360037309565,0.865987321523787,0.858006574313219,0.8607657269481719,0.8593534042425335,29234,27968,4524,4838
lines/lines_17.png,<ORIGINAL_RUN_ROOT>\AFM_Web-main\segmentation_dataset\images\lines\lines_17.png,<ORIGINAL_RUN_ROOT>\AFM_Web-main\segmentation_dataset\ground_truth_masks\lines\lines_17_mask.png,<ORIGINAL_RUN_ROOT>\AFM_Web-main\evaluation_outputs\experiment_2_segmentation\predicted_masks\lines\lines_17.png,0.5,187.13849999767262,0.07280273842074737,0.07212952605849697,0.861971629685211,0.757425431711146,0.865994184585562,0.8579862716506028,0.9895752755584475,0.9799952357278979,24124,354358,3733,3993
lines/lines_18.png,<ORIGINAL_RUN_ROOT>\AFM_Web-main\segmentation_dataset\images\lines\lines_18.png,<ORIGINAL_RUN_ROOT>\AFM_Web-main\segmentation_dataset\ground_truth_masks\lines\lines_18_mask.png,<ORIGINAL_RUN_ROOT>\AFM_Web-main\evaluation_outputs\experiment_2_segmentation\predicted_masks\lines\lines_18.png,0.5,195.0336999980209,0.2766741494022827,0.2711669010656137,0.8454090479922491,0.7322152027279821,0.8539939408295827,0.8369950389794472,0.9452639352384158,0.9153087304592417,68498,202243,11711,13340
lines/lines_19.png,<ORIGINAL_RUN_ROOT>\AFM_Web-main\segmentation_dataset\images\lines\lines_19.png,<ORIGINAL_RUN_ROOT>\AFM_Web-main\segmentation_dataset\ground_truth_masks\lines\lines_19_mask.png,<ORIGINAL_RUN_ROOT>\AFM_Web-main\evaluation_outputs\experiment_2_segmentation\predicted_masks\lines\lines_19.png,0.5,197.90260000081616,0.09110038246067657,0.0892486802413273,0.8758960573476703,0.7791948983658828,0.8849824587875815,0.8669943456890499,0.9887059433630285,0.9776179702650291,23460,266916,3049,3599
lines/lines_20.png,<ORIGINAL_RUN_ROOT>\AFM_Web-main\segmentation_dataset\images\lines\lines_20.png,<ORIGINAL_RUN_ROOT>\AFM_Web-main\segmentation_dataset\ground_truth_masks\lines\lines_20_mask.png,<ORIGINAL_RUN_ROOT>\AFM_Web-main\evaluation_outputs\experiment_2_segmentation\predicted_masks\lines\lines_20.png,0.5,194.29980000131764,0.3047035535865774,0.2979696484117259,0.894888140937414,0.8097715481005743,0.9050000632679143,0.884999690651488,0.959287728431213,0.9366518993307569,286085,707609,30031,37175
mixed/Mixed_01.png,<ORIGINAL_RUN_ROOT>\AFM_Web-main\segmentation_dataset\images\mixed\Mixed_01.png,<ORIGINAL_RUN_ROOT>\AFM_Web-main\segmentation_dataset\ground_truth_masks\mixed\Mixed_01_mask.png,<ORIGINAL_RUN_ROOT>\AFM_Web-main\evaluation_outputs\experiment_2_segmentation\predicted_masks\mixed\Mixed_01.png,0.5,192.82620000012685,0.46549666563582875,0.13675056101371014,0.376550362080316,0.2319445908792305,0.8291608077352391,0.2435854303564052,0.9562914693261432,0.6245291846072111,57198,257842,11785,177619
mixed/Mixed_03.png,<ORIGINAL_RUN_ROOT>\AFM_Web-main\segmentation_dataset\images\mixed\Mixed_03.png,<ORIGINAL_RUN_ROOT>\AFM_Web-main\segmentation_dataset\ground_truth_masks\mixed\Mixed_03_mask.png,<ORIGINAL_RUN_ROOT>\AFM_Web-main\evaluation_outputs\experiment_2_segmentation\predicted_masks\mixed\Mixed_03.png,0.5,196.41130000309204,0.19624728698452706,0.19972461434339192,0.7989626922850239,0.6652272058101873,0.7920074783827995,0.8060411463907716,0.9483159117305459,0.9203948750262549,6778,32660,1780,1631
mixed/Mixed_04.png,<ORIGINAL_RUN_ROOT>\AFM_Web-main\segmentation_dataset\images\mixed\Mixed_04.png,<ORIGINAL_RUN_ROOT>\AFM_Web-main\segmentation_dataset\ground_truth_masks\mixed\Mixed_04_mask.png,<ORIGINAL_RUN_ROOT>\AFM_Web-main\evaluation_outputs\experiment_2_segmentation\predicted_masks\mixed\Mixed_04.png,0.5,192.68379999994067,0.25484944403863324,0.25099423748072397,0.8524669073405535,0.7428691275167785,0.8590137429264348,0.8460191082802546,0.9525106197581963,0.9253713172632092,10626,34980,1744,1934
mixed/mixed_05.png,<ORIGINAL_RUN_ROOT>\AFM_Web-main\segmentation_dataset\images\mixed\mixed_05.png,<ORIGINAL_RUN_ROOT>\AFM_Web-main\segmentation_dataset\ground_truth_masks\mixed\mixed_05_mask.png,<ORIGINAL_RUN_ROOT>\AFM_Web-main\evaluation_outputs\experiment_2_segmentation\predicted_masks\mixed\mixed_05.png,0.5,202.78310000139754,0.27616959118187745,0.2725997546428137,0.8454636694112789,0.7322971542871762,0.8509995641582679,0.8399993330109553,0.9438853607733211,0.9151951989566793,251878,741808,44101,47977
mixed/mixed_06.jpeg,<ORIGINAL_RUN_ROOT>\AFM_Web-main\segmentation_dataset\images\mixed\mixed_06.jpeg,<ORIGINAL_RUN_ROOT>\AFM_Web-main\segmentation_dataset\ground_truth_masks\mixed\mixed_06_mask.png,<ORIGINAL_RUN_ROOT>\AFM_Web-main\evaluation_outputs\experiment_2_segmentation\predicted_masks\mixed\mixed_06.png,0.5,195.6361000011384,0.3070913109946099,0.30430278610837663,0.8769818197325434,0.7809150690006483,0.8809999979102275,0.873000128389376,0.9477390993107626,0.924787410748126,421577,1032666,56944,61329
mixed/mixed_07.png,<ORIGINAL_RUN_ROOT>\AFM_Web-main\segmentation_dataset\images\mixed\mixed_07.png,<ORIGINAL_RUN_ROOT>\AFM_Web-main\segmentation_dataset\ground_truth_masks\mixed\mixed_07_mask.png,<ORIGINAL_RUN_ROOT>\AFM_Web-main\evaluation_outputs\experiment_2_segmentation\predicted_masks\mixed\mixed_07.png,0.5,196.89179999841144,0.2825125902129745,0.2784767223816594,0.8339555608091912,0.7152004956071187,0.839998677073687,0.8279987742141605,0.9378990580497085,0.9068508441981867,253982,730644,48378,52760
mixed/mixed_08.jpeg,<ORIGINAL_RUN_ROOT>\AFM_Web-main\segmentation_dataset\images\mixed\mixed_08.jpeg,<ORIGINAL_RUN_ROOT>\AFM_Web-main\segmentation_dataset\ground_truth_masks\mixed\mixed_08_mask.png,<ORIGINAL_RUN_ROOT>\AFM_Web-main\evaluation_outputs\experiment_2_segmentation\predicted_masks\mixed\mixed_08.png,0.5,198.76440000007278,0.27105541779099074,0.2663971254586797,0.8654348694930366,0.7627899414697594,0.8730014838281813,0.8579982931472676,0.9535876382493099,0.9276776283763086,182975,546893,26618,30283
mixed/mixed_09.png,<ORIGINAL_RUN_ROOT>\AFM_Web-main\segmentation_dataset\images\mixed\mixed_09.png,<ORIGINAL_RUN_ROOT>\AFM_Web-main\segmentation_dataset\ground_truth_masks\mixed\mixed_09_mask.png,<ORIGINAL_RUN_ROOT>\AFM_Web-main\evaluation_outputs\experiment_2_segmentation\predicted_masks\mixed\mixed_09.png,0.5,200.50110000011045,0.1646678760690253,0.16198916899759608,0.8539459555579874,0.7451183996944524,0.861006523508075,0.8470002442134968,0.9730461248789777,0.9522904174225432,62429,363820,10078,11277
mixed/mixed_10.png,<ORIGINAL_RUN_ROOT>\AFM_Web-main\segmentation_dataset\images\mixed\mixed_10.png,<ORIGINAL_RUN_ROOT>\AFM_Web-main\segmentation_dataset\ground_truth_masks\mixed\mixed_10_mask.png,<ORIGINAL_RUN_ROOT>\AFM_Web-main\evaluation_outputs\experiment_2_segmentation\predicted_masks\mixed\mixed_10.png,0.5,187.8538999990269,0.14538129863928012,0.142960266757733,0.8329385483467175,0.7137058182898254,0.8399914548173467,0.8260030937875981,0.973233836017855,0.9518292395127951,43252,299575,8239,9111
mixed/mixed_11.png,<ORIGINAL_RUN_ROOT>\AFM_Web-main\segmentation_dataset\images\mixed\mixed_11.png,<ORIGINAL_RUN_ROOT>\AFM_Web-main\segmentation_dataset\ground_truth_masks\mixed\mixed_11_mask.png,<ORIGINAL_RUN_ROOT>\AFM_Web-main\evaluation_outputs\experiment_2_segmentation\predicted_masks\mixed\mixed_11.png,0.5,199.8929000001226,0.12115760142176975,0.11850823880466024,0.8593901387712753,0.7534479299043543,0.8689963742960735,0.8499939635397803,0.9823347064453044,0.966300619464496,56324,472169,8491,9940
